Phenotype;Mask;A1FREQ;BETA;SE;CHISQ;LOG10P
Both_morphine_fentanyl;No_efficacy;0.00217763;0.0446054;0.514345;0.00752083;0.0311007
Both_morphine_fentanyl;Low_efficacy;0.0149994;-0.270949;0.206174;172.707;0.724031
Both_morphine_fentanyl;WT_efficay;0.000150966;-101.201;210.555;0.231014;0.200127
Only_fentanyl;No_efficacy;0.00217763;0.427321;0.600311;0.506707;0.321875
Only_fentanyl;Low_efficacy;0.0149994;-0.0865968;0.236662;0.13389;0.146039
Only_fentanyl;WT_efficay;0.000150966;-102.029;212.761;0.229966;0.199593
Only_morphine;No_efficacy;0.00217763;0.106752;0.206449;0.267375;0.218174
Only_morphine;Low_efficacy;0.0149994;-0.0651944;0.0809059;0.649322;0.376384
Only_morphine;WT_efficay;0.000150966;-0.314607;0.848898;0.137349;0.148173